{
  "auth": {
    "team29driveref9f4119": {
      "customAuth": false,
      "dependsOn": [],
      "providerPlugin": "awscloudformation",
      "service": "Cognito",
      "serviceType": "imported"
    }
  },
  "parameters": {
    "AMPLIFY_auth_team29driveref9f4119_nativeClientId": {
      "usedBy": [
        {
          "category": "auth",
          "resourceName": "team29driveref9f4119"
        }
      ]
    },
    "AMPLIFY_auth_team29driveref9f4119_userPoolId": {
      "usedBy": [
        {
          "category": "auth",
          "resourceName": "team29driveref9f4119"
        }
      ]
    },
    "AMPLIFY_auth_team29driveref9f4119_userPoolName": {
      "usedBy": [
        {
          "category": "auth",
          "resourceName": "team29driveref9f4119"
        }
      ]
    },
    "AMPLIFY_auth_team29driveref9f4119_webClientId": {
      "usedBy": [
        {
          "category": "auth",
          "resourceName": "team29driveref9f4119"
        }
      ]
    }
  }
}